k,pmo_sse,pmo_ssi,sse_sim,ssi_sim,F_r
0.05,0.03870554699216133,0.0049062654717216825,0.0382,0.005370201096892139,0.3455956077882387
0.051349115731767564,0.03968720369158585,0.005149362647081768,,,0.3455956077882387
0.05273463372868917,0.04069212606792405,0.005403872934122256,,,0.3455956077882387
0.05415753620813668,0.0417207819126757,0.005670285517604512,,,0.3455956077882387
0.055618831889980035,0.04277364412790263,0.005949107179932023,,,0.3455956077882387
0.05711955671168619,0.04385119054494879,0.006240862693215887,,,0.3455956077882387
0.058660774562712716,0.04495390372631891,0.006546095201853008,,,0.3455956077882387
0.060243578038717216,0.04608227075211613,0.006865366594133948,,,0.3455956077882387
0.06186908921611724,0.04723678298846523,0.007199257860779462,,,0.3455956077882387
0.06353846044754911,0.04841793583845544,0.007548369438600155,,,0.3455956077882387
0.06525287517879072,0.04962622847461118,0.007913321537172724,0.0502,0.0082382017182535,0.3455956077882387
0.06701354878772613,0.05086216355231721,0.008294754446370733,,,0.3455956077882387
0.06882172944594803,0.052126246903597795,0.008693328822477975,,,0.3455956077882387
0.07067869900360764,0.053418987210642754,0.009109725950506298,,,0.3455956077882387
0.07258577389814025,0.05474089565848961,0.009544647980233134,,,0.3455956077882387
0.07454430608751035,0.05609248556628088,0.009998818133374998,,,0.3455956077882387
0.07655568400863749,0.05747427199653621,0.010472980879210558,,,0.3455956077882387
0.07862133356168306,0.058886771341891686,0.010967902075874059,,,0.3455956077882387
0.08074271912089531,0.06033050088873759,0.011484369074436396,,,0.3455956077882387
0.08292134457272907,0.061805978357604596,0.012023190782877502,,,0.3455956077882387
0.08515875438197684,0.0633137214187901,0.01258519768672961,0.0631,0.012335227959850042,0.3455956077882387
0.08745653468666591,0.06485424718452992,0.013171241823583424,,,0.3455956077882387
0.08981631442249906,0.06642807167543341,0.013782196707953331,,,0.3455956077882387
0.09223976647763459,0.06803570926282754,0.014418957203630622,,,0.3455956077882387
0.09472860887862543,0.0696776720837744,0.01508243933971365,,,0.3455956077882387
0.09728460600835764,0.07135446943230284,0.0157735800677119,,,0.3455956077882387
0.09990956985685136,0.07306660712357349,0.016493336955833215,,,0.3455956077882387
0.1026053613058115,0.07481458683219688,0.01724268781737559,,,0.3455956077882387
0.10537389144783879,0.07659890540437908,0.018022630269860174,,,0.3455956077882387
0.10821712294123571,0.07842005414389719,0.018834181221621282,,,0.3455956077882387
0.11113707140136865,0.08027851807197472,0.019678376282608268,,,0.3455956077882387
0.11413580682957188,0.08217477516119565,0.020556269096222768,0.0809,0.02273011115274135,0.3455956077882387
0.11721545508060704,0.08410929554381463,0.021468930589127022,,,0.3455956077882387
0.12037819936971787,0.08608254069440524,0.022417448135957696,,,0.3455956077882387
0.12362628182034863,0.08809496258819183,0.02340292463630267,,,0.3455956077882387
0.1269620050536239,0.09014700283400945,0.024426477500891552,,,0.3455956077882387
0.13038773382071583,0.09223909178457823,0.02548923754495558,,,0.3455956077882387
0.13390589667925681,0.09437164762303596,0.026592347786045467,,,0.3455956077882387
0.13751898771498536,0.09654507542764434,0.02773696214448118,,,0.3455956077882387
0.1412295683098461,0.098759766215327,0.028924244044556735,,,0.3455956077882387
0.14504026895779723,0.10101609596521965,0.0301553649150077,,,0.3455956077882387
0.14895379112961243,0.10331442462349028,0.03143150258755678,0.1012,0.03256604760659168,0.3455956077882387
0.15297290918800005,0.10565509509083393,0.032753839592707834,,,0.3455956077882387
0.1571004723543957,0.1080384321941733,0.034123561352338516,,,0.3455956077882387
0.1613394067288243,0.11046474164425357,0.03554185426905243,,,0.3455956077882387
0.16569271736426233,0.1129343089809538,0.037009903712692194,,,0.3455956077882387
0.1701634903969712,0.11544739850829722,0.03852889190488429,,,0.3455956077882387
0.17475489523431184,0.11800425222127897,0.04009999570297973,,,0.3455956077882387
0.1794701868015919,0.12060508872679176,0.04172438428527925,,,0.3455956077882387
0.1843127078495377,0.12325010216101429,0.04340321673996206,,,0.3455956077882387
0.18928589132402748,0.125939461106241,0.04513763956084205,,,0.3455956077882387
0.19439326279976535,0.1286733075086688,0.046928784053192674,,,0.3455956077882387
0.19963844297962113,0.13145175560201638,0.048777763654440864,0.1342,0.05044153063955044,0.3455956077882387
0.20502515026140888,0.13427489083799116,0.050685671173976266,,,0.3455956077882387
0.2105572033739224,0.13714276882758047,0.052653575957782306,,,0.3455956077882387
0.2162385240840972,0.1400554142980459,0.054682520984526306,,,0.3455956077882387
0.22207313997721828,0.1430128200640306,0.05677351989830359,,,0.3455956077882387
0.22806518731214404,0.1460149460233251,0.058927553987678016,,,0.3455956077882387
0.2342189139535706,0.14906171817528946,0.061145569117327936,,,0.3455956077882387
0.2405386823834161,0.15215302766807348,0.06342847262178042,,,0.3455956077882387
0.24702897279345826,0.15528872987799847,0.06577713017044673,,,0.3455956077882387
0.25369438626141894,0.15846864352496814,0.06819236261392247,,,0.3455956077882387
0.2605396480127469,0.16169254982783965,0.07067494282210607,0.1587,0.07401707009934239,0.3455956077882387
0.2675696107704105,0.1649601917037189,0.07322559252524452,,,0.3455956077882387
0.2747892581950762,0.16827127301512412,0.07584497916952626,,,0.3455956077882387
0.28220370841811054,0.17162545786938277,0.07853371279947141,,,0.3455956077882387
0.2898182176699109,0.17502236997314236,0.08129234297928234,,,0.3455956077882387
0.29763818400613723,0.1784615920481455,0.08412135576688518,,,0.3455956077882387
0.30566915113448534,0.1819426653081644,0.0870211707524754,,,0.3455956077882387
0.31391681234471674,0.1854650890081715,0.08999213817776752,,,0.3455956077882387
0.3223870145447284,0.18902832005921855,0.09303453614588864,,,0.3455956077882387
0.33108576240552584,0.1926317727223722,0.0961485679393691,,,0.3455956077882387
0.34001922261803696,0.19627481837946115,0.09933435945800917,,,0.3455956077882387
0.34919372826478434,0.1999567853858294,0.10259195679117639,0.1949,0.10283687943262411,0.3455956077882387
0.3586157833095161,0.2036769590079449,0.105921323938169,,,0.3455956077882387
0.3682920672079764,0.20743458144876914,0.10932234069015834,,,0.3455956077882387
0.3782294396430859,0.2112288519635559,0.11279480068692649,,,0.3455956077882387
0.38843494538788825,0.21505892706848528,0.11633840966120634,,,0.3455956077882387
0.3989158192997098,0.21892392084425838,0.11995278388294428,,,0.3455956077882387
0.4096794914490735,0.22282290533647375,0.12363744881521532,,,0.3455956077882387
0.4207335923870031,0.2267549110542798,0.1273918379928365,,,0.3455956077882387
0.4320859585544508,0.23071892756844936,0.13121529213394967,,,0.3455956077882387
0.4437446378376843,0.2347139042096733,0.13510705849398774,,,0.3455956077882387
0.4557178952735708,0.23873875086747243,0.13906629047047658,0.2351,0.1412622111955342,0.3455956077882387
0.46801421890880235,0.24279233888974827,0.1430920474661026,,,0.3455956077882387
0.4806423258172178,0.24687350208257808,0.14718329501636096,,,0.3455956077882387
0.4936111682794849,0.25098103780944714,0.15133890518692295,,,0.3455956077882387
0.5069299401295254,0.2551137081883401,0.15555765724446569,,,0.3455956077882387
0.5206080832721799,0.25927024138745236,0.15983823860462287,,,0.3455956077882387
0.5346552943767371,0.2634493330102038,0.1641792460551441,,,0.3455956077882387
0.5490815317510664,0.2676496475789413,0.16857918725935017,,,0.3455956077882387
0.5638970224012344,0.2718698201026548,0.17303648253321235,,,0.3455956077882387
0.5791122692816023,0.2761084577321692,0.17754946689608264,,,0.3455956077882387
0.5947380587405506,0.28036414149687405,0.18211639238973532,,,0.3455956077882387
0.6107854681671063,0.2846354281188229,0.18673543065990017,0.2892,0.18400755548559736,0.3455956077882387
0.6272658738438913,0.28892085190060524,0.19140467579349352,,,0.3455956077882387
0.6441909590119659,0.2932189266799433,0.19612214740196854,,,0.3455956077882387
0.6615727221532756,0.29752814784725323,0.20088579394150874,,,0.3455956077882387
0.6794234854965808,0.3018469944242459,0.20569349626051858,,,0.3455956077882387
0.6977559037528968,0.3061739311854027,0.21054307135626527,,,0.3455956077882387
0.7165829730866311,0.31050741083245104,0.21543227633453166,,,0.3455956077882387
0.7359180403287902,0.31484587620341487,0.22035881255201595,,,0.3455956077882387
0.7557748124387729,0.3191877625142957,0.2253203299279084,,,0.3455956077882387
0.7761673662214691,0.32353149962576055,0.23031443140764674,,,0.3455956077882387
0.7971101583065489,0.32787551432785045,0.23533867756142512,0.3172,0.23559101269944643,0.3455956077882387
0.8186180353970106,0.33221823263562866,0.24039059129935436,,,0.3455956077882387
0.840706244794266,0.3365580820886137,0.24546766268461828,,,0.3455956077882387
0.8633904452072098,0.3408934940468157,0.250567353825523,,,0.3455956077882387
0.8866867178529464,0.34522290597620864,0.25568710382703697,,,0.3455956077882387
0.9106115778570417,0.3495447637165139,0.2608243337822248,,,0.3455956077882387
0.9351819859613738,0.3538575237242638,0.26597645178392315,,,0.3455956077882387
0.9604153605478964,0.35815965528417004,0.27114085793704534,,,0.3455956077882387
0.9863295899868237,0.3624496426824937,0.2763149493523369,,,0.3455956077882387
1.0129430453180055,0.3667259873345343,0.28149612510186506,,,0.3455956077882387
1.040274593274467,0.3709872098621202,0.28668179111866054,,,0.3455956077882387
1.0683436096573604,0.37523185211273413,0.2918693650213019,0.3746,0.2947512395281245,0.3455956077882387
1.0971699930718024,0.37945847911692554,0.29705628084716373,,,0.3455956077882387
1.1267741790333317,0.38366568097439835,0.30223999367561094,,,0.3455956077882387
1.157177154454999,0.3878520746703349,0.30741798412852417,,,0.3455956077882387
1.1884004725253443,0.39201630581039304,0.3125877627299056,,,0.3455956077882387
1.2204662679878229,0.39615705027422676,0.3177468741126802,,,0.3455956077882387
1.2533972728325036,0.40027301578217434,0.3228929010591368,,,0.3455956077882387
1.287216832411161,0.40436294337179535,0.3280234683633624,,,0.3455956077882387
1.3219489219871994,0.40842560878117296,0.3331362465050921,,,0.3455956077882387
1.3576181637321216,0.4124598237363257,0.3382289551255868,,,0.3455956077882387
1.3942498441806093,0.4164644371405195,0.3432993662973769,0.4074,0.34967606373664856,0.3455956077882387
1.4318699321565802,0.4204383361637165,0.3483453075809415,,,0.3455956077882387
1.4705050971829277,0.4243804472308337,0.35336466486263407,,,0.3455956077882387
1.5101827283880054,0.4282897369079315,0.358355384969399,,,0.3455956077882387
1.5509309539222442,0.4321652126858747,0.36331547805703424,,,0.3455956077882387
1.5927786608986791,0.436005923661441,0.36824301976996265,,,0.3455956077882387
1.6357555158715211,0.43981096111625306,0.3731361531716284,,,0.3455956077882387
1.6798919858672774,0.4435794589943136,0.37799309044575824,,,0.3455956077882387
1.7252193599833536,0.4473105942793001,0.3828121143698159,,,0.3455956077882387
1.771769771569424,0.4510035872731364,0.38759157956299206,,,0.3455956077882387
1.8195762210073143,0.4546577017777069,0.39232991351205504,,,0.3455956077882387
1.8686725991055373,0.4582722451818936,0.3970256173792842,0.4665,0.40475764621713467,0.3455956077882387
1.919093711125062,0.4618465684564165,0.40167726659755687,,,0.3455956077882387
1.9708753014533626,0.46538006605923965,0.40628351125843987,,,0.3455956077882387
2.0240540789442205,0.46887217575454687,0.4108430762998261,,,0.3455956077882387
2.078667742941259,0.4723223783485253,0.4153547615003067,,,0.3455956077882387
2.134755010003656,0.47573019734539457,0.419817441288019,,,0.3455956077882387
2.1923556413529663,0.47909519852729177,0.4242300643721979,,,0.3455956077882387
2.25151047106054,0.48241698946178313,0.42859165320607673,,,0.3455956077882387
2.312261434995484,0.48569521894088785,0.43290130329012977,,,0.3455956077882387
2.37465160055372,0.48892957635561074,0.43715818232491377,,,0.3455956077882387
2.438725197189201,0.4921197910100721,0.44136152922299376,0.4973,0.4427787934186472,0.3455956077882387
2.504527647768919,0.49526563137931157,0.4455106529895372,,,0.3455956077882387
2.5721056007739564,0.4983669043150005,0.44960493148131053,,,0.3455956077882387
2.6415069633693875,0.5014234542031732,0.45364381005376897,,,0.3455956077882387
2.7127809353664922,0.504435162078172,0.45762680010593093,,,0.3455956077882387
2.785978044101334,0.5074019446969311,0.46155347753264564,,,0.3455956077882387
2.861150180254456,0.5103237535776928,0.46542348109371745,,,0.3455956077882387
2.9383506346370742,0.5132005740071861,0.46923651070919337,,,0.3455956077882387
3.017634135969835,0.5160324240202145,0.472992325689891,,,0.3455956077882387
3.0990568896809503,0.5188193533555147,0.4766907429120095,,,0.3455956077882387
3.1826766177511754,0.5215614423916438,0.4803316349443808,,,0.3455956077882387
3.268552599633912,0.5242588010665341,0.48391492813661074,0.5235,0.48634082884222263,0.3455956077882387
3.3567457142794304,0.5269115677842275,0.4874406006760399,,,0.3455956077882387
3.4473184832929835,0.5295199083121791,0.4909086806210896,,,0.3455956077882387
3.5403351152574576,0.5320840146723618,0.49431924391821436,,,0.3455956077882387
3.6358615512519177,0.5346041040292735,0.4976724124092883,,,0.3455956077882387
3.733965511598372,0.5370804175777838,0.5009683518358792,,,0.3455956077882387
3.8347165438698703,0.5395132194336053,0.5042072698464675,,,0.3455956077882387
3.938186072193953,0.5419027955290223,0.5073894140122768,,,0.3455956077882387
4.044447447886449,0.544249452516337,0.5105150698569836,,,0.3455956077882387
4.153576001451466,0.5465535166813487,0.5135845589051915,,,0.3455956077882387
4.265649095984472,0.5488153328690013,0.5165982367541524,0.5381,0.5260810548768664,0.3455956077882387
4.380746182016328,0.5510352634231994,0.5195564911728545,,,0.3455956077882387
4.4989488538371045,0.5532136871426078,0.5224597402322062,,,0.3455956077882387
4.620340907339691,0.5553509982541216,0.5253084304696948,,,0.3455956077882387
4.7450083994241155,0.5574476054055191,0.5281030350915374,,,0.3455956077882387
4.87303970900476,0.5595039306786797,0.5308440522150101,,,0.3455956077882387
5.004525599663686,0.5615204086245881,0.5335320031533026,,,0.3455956077882387
5.139559283994485,0.563497485321223,0.5361674307449478,,,0.3455956077882387
5.278236489682263,0.5654356174552805,0.5387508977295608,,,0.3455956077882387
5.420655527366661,0.5673352714285598,0.5412829851713561,,,0.3455956077882387
5.566917360335927,0.5691969224897153,0.5437642909316215,,,0.3455956077882387
5.717125676101509,0.5710210538919553,0.5461954281911043,0.5672,0.5474315710536183,0.3455956077882387
5.871386959903924,0.5728081560771819,0.5485770240230043,,,0.3455956077882387
6.029810570201948,0.5745587258871796,0.550909718017176,,,0.3455956077882387
6.192508816198708,0.5762732657994628,0.5531941609546164,,,0.3455956077882387
6.359597037459566,0.5779522831978319,0.5554310135367606,,,0.3455956077882387
6.531193685678346,0.5795962896581781,0.5576209451607206,,,0.3455956077882387
6.707420408649743,0.5812058002723781,0.5597646327504686,,,0.3455956077882387
6.888402136507505,0.5827813329942633,0.5618627596364103,,,0.3455956077882387
7.074267170289574,0.5843234080136874,0.5639160144855804,,,0.3455956077882387
7.265147272892869,0.5858325471574582,0.5659250902813612,,,0.3455956077882387
7.461177762482226,0.5873092733168431,0.5678906833519335,0.5794,0.5678772577199456,0.3455956077882387
7.662497608419805,0.5887541099013329,0.5698134924466262,,,0.3455956077882387
7.869249529782812,0.5901675803182732,0.5716942178592022,,,0.3455956077882387
8.081580096539508,0.5915502074779455,0.5735335605970746,,,0.3455956077882387
8.299639833455126,0.5929025133236348,0.5753322215953548,,,0.3455956077882387
8.523583326801505,0.5942250183861775,0.5770909009746135,,,0.3455956077882387
8.753569333945904,0.5955182413624898,0.5788102973411678,,,0.3455956077882387
8.989760895896792,0.59678269871686,0.5804911071283871,,,0.3455956077882387
9.232325452886453,0.5980189043082107,0.5821340239794395,,,0.3455956077882387
9.481434963072195,0.599227369032205,0.5837397381655767,,,0.3455956077882387
9.737266024440435,0.6004086004944049,0.5853089360460508,,,0.3455956077882387
10.0,0.6015631026974526,0.586842299561178,0.5983,0.5773797936538836,0.3455956077882387
